languages,repo_count,total_commits,ins_best_practices,ins_code_style,ins_design,ins_documentation,ins_error_prone,ins_multithreading,ins_performance,ins_security,Id,label
0.05755395683453238,0.10526315789473684,0.0013,0.6592,1.0,0.006734006734006734,0.0,0.2152,0.0,0.0,0,ThanujIn,intermediate
0.02158273381294964,0.08771929824561403,0.0061,0.0624,0.156,0.0,0.0,0.1392,0.0,0.0,0,Theja,intermediate
0.17985611510791366,0.22807017543859648,1.0,1.0,1.0,0.3400673400673401,1.0,1.0,0.5,0.42857142857142855,0,Thiyan,expert
0.5467625899280576,0.12280701754385964,0.0046,1.0,1.0,0.003367003367003367,0.0,1.0,0.0,0.0,0,Vishmatha7,advance
0.007194244604316547,0.08771929824561403,0.0005,0.0,0.0032,0.003367003367003367,0.0,0.0,0.0,0.0,0,Yehasha,beginner
